cell_id,date,frp_sum,frp_max,n_det,y,frp_sum_l1,n_det_l1,frp_sum_l3,n_det_l3,frp_sum_l7,n_det_l7
12414,2025-07-23,9.87,9.87,1,0.0,5.14,1.0,5.14,1.0,5.14,1.0
13058,2025-07-09,0.82,0.82,1,1.0,1.97,3.0,1.97,3.0,7.109999999999999,4.0
13058,2025-07-17,1.79,0.76,3,0.0,0.82,1.0,2.79,4.0,7.93,5.0
13058,2025-07-24,2.31,1.05,3,0.0,1.79,3.0,4.58,7.0,9.719999999999999,8.0
13058,2025-07-30,0.91,0.54,2,0.0,2.31,3.0,4.92,7.0,12.03,11.0
13058,2025-07-31,1.47,1.19,2,1.0,0.91,2.0,5.01,8.0,7.8,12.0
15517,2025-07-02,5.869999999999999,2.26,3,1.0,8.4,2.0,8.4,2.0,8.4,2.0
15517,2025-07-06,10.239999999999998,3.05,4,0.0,5.869999999999999,3.0,14.27,5.0,14.27,5.0
15517,2025-07-20,66.17,11.96,9,0.0,10.239999999999998,4.0,24.509999999999998,9.0,24.509999999999998,9.0
15517,2025-07-26,140.86,59.56,3,0.0,66.17,9.0,82.28,16.0,90.68,18.0
18496,2025-07-09,1.02,0.42,3,1.0,2.18,3.0,2.18,3.0,2.18,3.0
18496,2025-07-10,1.74,0.82,4,1.0,1.02,3.0,3.2,6.0,3.199999999999986,6.0
18496,2025-07-17,0.76,0.5,2,0.0,1.74,4.0,4.94,10.0,4.939999999999986,10.0
18503,2025-07-09,0.45,0.45,1,1.0,1.87,3.0,3.6100000000000003,7.0,6.809999999999986,13.0
18503,2025-07-10,0.62,0.62,1,1.0,0.45,1.0,2.3200000000000003,4.0,7.2599999999999865,14.0
18503,2025-07-17,0.56,0.56,1,0.0,0.62,1.0,2.9400000000000004,5.0,7.879999999999987,15.0
18503,2025-07-18,1.25,0.87,2,1.0,0.56,1.0,1.6300000000000001,3.0,6.2599999999999865,13.0
18503,2025-07-24,0.35,0.35,1,0.0,1.25,2.0,2.43,4.0,6.489999999999986,12.0
18503,2025-07-30,1.6099999999999999,0.65,3,0.0,0.35,1.0,2.16,4.0,5.099999999999985,9.0
18503,2025-07-31,0.66,0.66,1,1.0,1.6099999999999999,3.0,3.21,6.0,6.709999999999986,12.0
24818,2025-07-14,10.82,10.82,1,0.0,24.72,2.0,24.72,2.0,24.72,2.0
24818,2025-07-18,7.28,7.28,1,0.0,10.82,1.0,35.54,3.0,35.539999999999985,3.0
24818,2025-07-22,12.11,8.62,2,0.0,7.28,1.0,42.82,4.0,42.819999999999986,4.0
24819,2025-07-31,33.75,22.57,2,0.0,50.86,2.0,58.14,3.0,93.67999999999998,6.0
24820,2025-07-14,36.2,23.93,2,0.0,9.53,1.0,60.39,3.0,103.20999999999998,7.0
27923,2025-07-10,156.58,30.57,7,0.0,25.54,2.0,25.54,2.0,25.54,2.0
27923,2025-07-14,19.18,19.18,1,0.0,156.58,7.0,182.12,9.0,182.12,9.0
27923,2025-07-17,33.05,23.93,3,0.0,19.18,1.0,201.3,10.0,201.3,10.0
27923,2025-07-18,49.71,13.78,4,1.0,33.05,3.0,208.81,11.0,234.35,13.0
27923,2025-07-22,38.58,21.44,3,0.0,49.71,4.0,101.94,8.0,284.06,17.0
27923,2025-07-23,38.41,19.98,2,1.0,38.58,3.0,121.33999999999999,10.0,322.64,20.0
27923,2025-07-28,66.67999999999999,22.63,4,0.0,38.41,2.0,126.69999999999999,9.0,361.05,22.0
27923,2025-07-29,73.82,26.22,10,1.0,66.67999999999999,4.0,143.67,9.0,402.18999999999994,24.0
27923,2025-07-31,67.84,19.3,5,0.0,73.82,10.0,178.90999999999997,16.0,319.42999999999995,27.0
30152,2025-07-17,3.46,3.46,1,0.0,13.36,3.0,13.36,3.0,13.36,3.0
31317,2025-07-24,2.79,1.11,3,1.0,113.1,13.0,113.1,13.0,113.1,13.0
32085,2025-07-10,0.7,0.7,1,1.0,0.6,1.0,113.69999999999999,14.0,113.69999999999999,14.0
32085,2025-07-17,0.78,0.78,1,0.0,0.7,1.0,1.2999999999999998,2.0,114.39999999999999,15.0
32085,2025-07-24,2.92,0.82,4,0.0,0.78,1.0,2.08,3.0,115.17999999999999,16.0
32085,2025-07-25,0.6,0.6,1,1.0,2.92,4.0,4.4,6.0,118.1,20.0
32085,2025-07-26,0.95,0.95,1,1.0,0.6,1.0,4.3,6.0,118.69999999999999,21.0
32085,2025-07-27,0.63,0.63,1,1.0,0.95,1.0,4.47,6.0,6.55,9.0
32555,2025-07-23,5.33,3.11,2,0.0,11.39,3.0,11.39,3.0,12.940000000000001,5.0
33343,2025-07-31,10.98,10.98,1,0.0,20.98,1.0,20.98,1.0,20.98,1.0
33803,2025-07-16,11.12,3.01,5,1.0,37.56,5.0,37.56,5.0,58.540000000000006,6.0
34797,2025-07-05,0.6,0.6,1,0.0,0.62,1.0,0.62,1.0,59.160000000000004,7.0
34797,2025-07-06,0.58,0.58,1,1.0,0.6,1.0,1.22,2.0,38.78000000000001,7.0
34797,2025-07-08,2.61,0.91,3,0.0,0.58,1.0,1.7999999999999998,3.0,39.36000000000001,8.0
34797,2025-07-09,1.32,0.56,3,1.0,2.61,3.0,3.7899999999999996,5.0,41.970000000000006,11.0
34797,2025-07-10,1.96,1.18,2,1.0,1.32,3.0,4.51,7.0,5.730000000000007,9.0
34797,2025-07-17,2.13,1.33,2,0.0,1.96,2.0,5.89,8.0,7.690000000000007,11.0
34797,2025-07-24,1.81,0.94,2,0.0,2.13,2.0,5.41,7.0,9.820000000000007,13.0
34797,2025-07-25,1.71,0.62,3,1.0,1.81,2.0,5.8999999999999995,6.0,11.010000000000007,14.0
34797,2025-07-30,3.0,1.28,3,0.0,1.71,3.0,5.6499999999999995,7.0,12.120000000000006,16.0
37137,2025-07-05,0.93,0.93,1,0.0,3.51,4.0,3.51,4.0,3.51,4.0
37137,2025-07-06,1.75,1.01,2,1.0,0.93,1.0,4.4399999999999995,5.0,4.440000000000007,5.0
37137,2025-07-08,2.71,1.02,3,0.0,1.75,2.0,6.1899999999999995,7.0,6.190000000000007,7.0
37137,2025-07-09,2.73,0.91,4,1.0,2.71,3.0,5.39,6.0,8.900000000000007,10.0
37137,2025-07-10,0.6,0.6,1,1.0,2.73,4.0,7.1899999999999995,9.0,11.630000000000006,14.0
37137,2025-07-18,5.62,2.98,2,0.0,0.6,1.0,6.04,8.0,12.230000000000008,15.0
37137,2025-07-19,1.48,1.48,1,1.0,5.62,2.0,8.95,7.0,17.85000000000001,17.0
37137,2025-07-24,3.08,1.07,3,0.0,1.48,1.0,7.699999999999999,4.0,15.820000000000007,14.0
37137,2025-07-25,3.52,0.97,5,1.0,3.08,3.0,10.18,6.0,17.970000000000006,16.0
37137,2025-07-26,1.67,1.67,1,1.0,3.52,5.0,8.08,9.0,19.74000000000001,19.0
37137,2025-07-30,2.49,1.05,3,0.0,1.67,1.0,8.27,9.0,18.700000000000006,17.0
37137,2025-07-31,2.74,1.24,3,1.0,2.49,3.0,7.68,9.0,18.460000000000008,16.0
38275,2025-07-08,1.27,1.27,1,0.0,0.91,1.0,0.91,1.0,0.91,1.0
38275,2025-07-09,3.46,1.4,3,1.0,1.27,1.0,2.18,2.0,2.1800000000000073,2.0
38275,2025-07-10,1.6600000000000001,1.32,2,1.0,3.46,3.0,5.640000000000001,5.0,5.640000000000008,5.0
38275,2025-07-17,2.33,1.59,2,0.0,1.6600000000000001,2.0,6.390000000000001,6.0,7.300000000000008,7.0
38275,2025-07-24,2.7199999999999998,1.74,2,0.0,2.33,2.0,7.450000000000001,7.0,9.630000000000008,9.0
38275,2025-07-25,2.09,1.14,2,1.0,2.7199999999999998,2.0,6.71,6.0,12.350000000000007,11.0
38275,2025-07-27,1.03,1.03,1,0.0,2.09,2.0,7.14,6.0,14.440000000000007,13.0
38275,2025-07-28,1.04,1.04,1,1.0,1.03,1.0,5.84,5.0,14.560000000000008,13.0
38275,2025-07-29,2.5999999999999996,1.39,2,1.0,1.04,1.0,4.16,4.0,14.330000000000007,13.0
38275,2025-07-31,1.47,0.83,2,0.0,2.5999999999999996,2.0,4.67,4.0,13.470000000000006,12.0
38658,2025-07-09,0.3,0.3,1,0.0,0.18,1.0,0.18,1.0,3.820000000000007,4.0
38658,2025-07-24,0.35,0.35,1,0.0,0.3,1.0,0.48,2.0,3.0800000000000063,4.0
38658,2025-07-25,0.22,0.22,1,1.0,0.35,1.0,0.83,3.0,0.8300000000000066,3.0
38658,2025-07-31,0.22,0.22,1,0.0,0.22,1.0,0.8699999999999999,3.0,1.0500000000000067,4.0
38706,2025-07-02,3.49,1.26,3,1.0,2.06,3.0,2.2800000000000002,4.0,3.1100000000000065,7.0
38706,2025-07-03,1.87,1.2,2,1.0,3.49,3.0,5.55,6.0,6.600000000000007,10.0
38706,2025-07-04,2.0300000000000002,1.27,2,1.0,1.87,2.0,7.42,8.0,8.290000000000008,11.0
38706,2025-07-05,1.31,0.9,2,1.0,2.0300000000000002,2.0,7.39,7.0,10.020000000000007,12.0
38706,2025-07-06,2.2,1.62,2,1.0,1.31,2.0,5.21,6.0,10.980000000000008,13.0
38706,2025-07-07,3.27,1.49,3,1.0,2.2,2.0,5.54,6.0,12.960000000000008,14.0
38706,2025-07-08,3.36,1.21,3,1.0,3.27,3.0,6.779999999999999,7.0,16.230000000000008,17.0
38706,2025-07-09,2.3200000000000003,1.06,3,1.0,3.36,3.0,8.829999999999998,8.0,17.53000000000001,17.0
38706,2025-07-10,1.09,1.09,1,1.0,2.3200000000000003,3.0,8.95,9.0,16.360000000000007,17.0
38706,2025-07-11,2.2600000000000002,1.59,2,1.0,1.09,1.0,6.77,7.0,15.580000000000007,16.0
38706,2025-07-12,4.71,1.5,4,1.0,2.2600000000000002,2.0,5.67,6.0,15.81000000000001,16.0
38706,2025-07-13,2.41,0.97,3,1.0,4.71,4.0,8.06,7.0,19.210000000000008,18.0
38706,2025-07-14,2.0,1.18,2,1.0,2.41,3.0,9.38,9.0,19.42000000000001,19.0
38706,2025-07-15,1.37,1.37,1,1.0,2.0,2.0,9.120000000000001,9.0,18.15000000000001,18.0
38706,2025-07-16,1.06,1.06,1,1.0,1.37,1.0,5.78,6.0,16.160000000000007,16.0
38706,2025-07-17,0.6,0.6,1,1.0,1.06,1.0,4.43,4.0,14.900000000000007,14.0
38706,2025-07-18,0.88,0.88,1,1.0,0.6,1.0,3.0300000000000002,3.0,14.410000000000007,14.0
38706,2025-07-19,2.34,0.87,3,1.0,0.88,1.0,2.54,3.0,13.030000000000006,13.0
38706,2025-07-24,3.01,1.18,4,0.0,2.34,3.0,3.82,5.0,10.660000000000007,12.0
38706,2025-07-25,2.03,0.85,3,1.0,3.01,4.0,6.2299999999999995,8.0,11.260000000000007,13.0
38706,2025-07-26,2.64,1.01,3,1.0,2.03,3.0,7.379999999999999,10.0,11.290000000000006,14.0
38706,2025-07-27,3.75,1.16,4,1.0,2.64,3.0,7.68,10.0,12.560000000000006,16.0
38706,2025-07-28,2.6300000000000003,1.12,3,1.0,3.75,4.0,8.42,10.0,15.250000000000007,19.0
38706,2025-07-29,3.15,1.2,3,1.0,2.6300000000000003,3.0,9.020000000000001,10.0,17.28000000000001,21.0
38706,2025-07-30,1.67,1.01,2,1.0,3.15,3.0,9.530000000000001,10.0,19.550000000000004,23.0
38706,2025-07-31,2.41,1.25,2,1.0,1.67,2.0,7.45,8.0,18.88000000000001,22.0
39052,2025-07-09,1.73,1.04,2,1.0,2.88,2.0,4.55,4.0,16.720000000000006,17.0
39052,2025-07-24,2.9299999999999997,1.75,2,0.0,1.73,2.0,4.609999999999999,4.0,15.810000000000008,16.0
39052,2025-07-25,2.4,1.48,2,1.0,2.9299999999999997,2.0,7.539999999999999,6.0,14.990000000000007,14.0
39052,2025-07-30,1.59,1.59,1,0.0,2.4,2.0,7.06,6.0,14.760000000000005,13.0
39052,2025-07-31,0.86,0.86,1,1.0,1.59,1.0,6.92,5.0,13.200000000000008,11.0
39053,2025-07-29,1.13,1.13,1,0.0,1.48,1.0,3.0700000000000003,2.0,13.010000000000007,10.0
39053,2025-07-31,1.2,1.2,1,0.0,1.13,1.0,2.61,2.0,11.260000000000007,9.0
39441,2025-07-17,2.6,1.58,2,0.0,0.9,1.0,0.9,1.0,3.5100000000000073,3.0
39441,2025-07-24,1.47,1.47,1,0.0,2.6,2.0,3.5,3.0,6.110000000000007,5.0
39441,2025-07-25,0.8,0.8,1,1.0,1.47,1.0,4.97,4.0,6.100000000000007,5.0
39441,2025-07-30,1.12,1.12,1,0.0,0.8,1.0,4.869999999999999,4.0,5.770000000000007,5.0
39825,2025-07-08,1.49,1.49,1,0.0,2.3200000000000003,2.0,2.3200000000000003,2.0,8.090000000000007,7.0
39825,2025-07-09,2.77,1.85,2,1.0,1.49,1.0,3.8100000000000005,3.0,8.680000000000009,7.0
39825,2025-07-10,3.45,2.25,2,1.0,2.77,2.0,6.58,5.0,8.850000000000009,7.0
39825,2025-07-17,1.06,1.06,1,0.0,3.45,2.0,7.71,5.0,10.830000000000009,8.0
39825,2025-07-27,1.41,1.41,1,0.0,1.06,1.0,7.279999999999999,5.0,11.090000000000007,8.0
39825,2025-07-28,1.27,1.27,1,1.0,1.41,1.0,5.92,4.0,12.500000000000007,9.0
39825,2025-07-29,0.92,0.92,1,1.0,1.27,1.0,3.74,3.0,13.770000000000007,10.0
39825,2025-07-30,1.39,1.39,1,1.0,0.92,1.0,3.6,3.0,12.370000000000006,9.0
39825,2025-07-31,1.11,1.11,1,1.0,1.39,1.0,3.58,3.0,12.270000000000007,9.0
39826,2025-07-06,1.46,1.46,1,1.0,1.02,1.0,2.4099999999999997,2.0,7.070000000000007,6.0
39826,2025-07-09,2.3899999999999997,1.69,2,0.0,1.46,1.0,2.48,2.0,7.470000000000006,6.0
39826,2025-07-10,1.4,1.4,1,1.0,2.3899999999999997,2.0,4.869999999999999,4.0,8.450000000000006,7.0
39826,2025-07-11,0.95,0.95,1,1.0,1.4,1.0,5.25,4.0,8.580000000000005,7.0
39826,2025-07-17,2.3600000000000003,1.31,2,0.0,0.95,1.0,4.739999999999999,4.0,8.610000000000007,7.0
39826,2025-07-19,0.65,0.65,1,0.0,2.3600000000000003,2.0,4.71,4.0,9.580000000000007,8.0
39826,2025-07-24,1.39,1.39,1,0.0,0.65,1.0,3.96,4.0,10.230000000000008,9.0
39826,2025-07-25,1.71,1.71,1,1.0,1.39,1.0,4.4,4.0,10.600000000000009,9.0
40677,2025-07-03,0.56,0.56,1,1.0,0.45,1.0,1.8399999999999996,2.0,7.200000000000008,7.0
40677,2025-07-15,0.52,0.52,1,0.0,0.56,1.0,1.0099999999999996,2.0,6.360000000000007,7.0
40677,2025-07-28,0.27,0.27,1,0.0,0.52,1.0,1.5299999999999996,3.0,5.930000000000008,7.0
40677,2025-07-29,0.4,0.4,1,1.0,0.27,1.0,1.3499999999999996,3.0,3.840000000000007,6.0
40677,2025-07-30,0.61,0.61,1,1.0,0.4,1.0,1.1899999999999995,3.0,3.5900000000000074,6.0
40678,2025-07-03,0.41,0.41,1,0.0,0.49,1.0,0.8899999999999996,2.0,2.690000000000007,6.0
40678,2025-07-04,0.32,0.32,1,1.0,0.41,1.0,0.8999999999999995,2.0,2.650000000000007,6.0
40678,2025-07-05,0.8200000000000001,0.46,2,1.0,0.32,1.0,1.2199999999999995,3.0,2.410000000000007,6.0
40678,2025-07-07,0.69,0.69,1,0.0,0.8200000000000001,2.0,1.5499999999999996,4.0,2.710000000000007,7.0
40678,2025-07-09,0.25,0.25,1,0.0,0.69,1.0,1.8299999999999996,4.0,3.130000000000007,7.0
40678,2025-07-19,0.31,0.31,1,0.0,0.25,1.0,1.7599999999999996,4.0,2.980000000000007,7.0
40678,2025-07-20,0.51,0.51,1,1.0,0.31,1.0,1.2499999999999996,3.0,3.290000000000007,8.0
40678,2025-07-24,0.27,0.27,1,0.0,0.51,1.0,1.0699999999999996,3.0,3.3100000000000067,8.0
40678,2025-07-25,0.28,0.28,1,1.0,0.27,1.0,1.0899999999999996,3.0,3.170000000000007,8.0
40678,2025-07-26,0.57,0.57,1,1.0,0.28,1.0,1.0599999999999996,3.0,3.130000000000007,8.0
40678,2025-07-28,0.4,0.4,1,0.0,0.57,1.0,1.1199999999999997,3.0,2.880000000000007,7.0
40678,2025-07-30,0.2,0.2,1,0.0,0.4,1.0,1.2499999999999996,3.0,2.590000000000007,7.0
41419,2025-07-24,1.76,0.86,4,1.0,244.57,5.0,244.57,5.0,246.09,9.0
42227,2025-07-04,0.39,0.39,1,0.0,0.42,1.0,0.42,1.0,0.42,1.0
42227,2025-07-07,0.74,0.74,1,0.0,0.39,1.0,0.81,2.0,0.81,2.0
42227,2025-07-15,0.52,0.52,1,0.0,0.74,1.0,1.55,3.0,1.55,3.0
42227,2025-07-19,0.49,0.49,1,0.0,0.52,1.0,1.6500000000000001,3.0,2.0700000000000003,4.0
42227,2025-07-25,0.18,0.18,1,0.0,0.49,1.0,1.75,3.0,2.56,5.0
42227,2025-07-27,0.36,0.36,1,0.0,0.18,1.0,1.19,3.0,2.74,6.0
42227,2025-07-28,0.29,0.29,1,1.0,0.36,1.0,1.03,3.0,3.1,7.0
42227,2025-07-30,0.46,0.46,1,0.0,0.29,1.0,0.83,3.0,2.97,7.0
42260,2025-07-20,8.65,8.65,1,0.0,11.51,2.0,11.51,2.0,12.83,6.0
42260,2025-07-28,7.39,7.39,1,0.0,8.65,1.0,20.16,3.0,20.990000000000002,6.0
43728,2025-07-06,0.88,0.88,1,0.0,0.55,1.0,0.55,1.0,20.71,4.0
43728,2025-07-07,0.36,0.36,1,1.0,0.88,1.0,1.4300000000000002,2.0,21.590000000000003,5.0
43728,2025-07-08,0.5,0.5,1,1.0,0.36,1.0,1.79,3.0,10.440000000000001,4.0
43728,2025-07-09,0.9500000000000001,0.55,2,1.0,0.5,1.0,1.74,3.0,2.29,4.0
43728,2025-07-11,0.78,0.78,1,0.0,0.9500000000000001,2.0,1.81,4.0,3.24,6.0
43728,2025-07-17,1.28,0.78,2,0.0,0.78,1.0,2.2300000000000004,4.0,4.0200000000000005,7.0
43728,2025-07-18,1.5,0.61,3,1.0,1.28,2.0,3.0100000000000002,5.0,5.300000000000001,9.0
43728,2025-07-24,1.08,0.79,2,0.0,1.5,3.0,3.56,6.0,6.25,11.0
43728,2025-07-25,0.28,0.28,1,1.0,1.08,2.0,3.8600000000000003,7.0,6.450000000000001,12.0
43728,2025-07-27,0.95,0.75,2,0.0,0.28,1.0,2.8600000000000003,6.0,6.37,12.0
43728,2025-07-28,1.36,1.02,3,1.0,0.95,2.0,2.31,5.0,6.82,13.0
43728,2025-07-29,0.63,0.36,2,1.0,1.36,3.0,2.59,6.0,7.23,14.0
43728,2025-07-30,0.7,0.7,1,1.0,0.63,2.0,2.94,7.0,7.08,15.0
43728,2025-07-31,0.64,0.64,1,1.0,0.7,1.0,2.69,6.0,6.500000000000001,14.0
43759,2025-07-24,0.29,0.29,1,0.0,0.32,1.0,0.32,1.0,3.0100000000000002,7.0
44117,2025-07-03,0.63,0.63,1,0.0,1.27,2.0,1.59,3.0,2.29,4.0
44117,2025-07-05,0.22,0.22,1,0.0,0.63,1.0,1.9,3.0,2.22,4.0
44117,2025-07-08,0.56,0.56,1,0.0,0.22,1.0,2.12,4.0,2.44,5.0
44117,2025-07-25,0.67,0.67,1,0.0,0.56,1.0,1.4100000000000001,3.0,3.0,6.0
44117,2025-07-29,0.63,0.63,1,0.0,0.67,1.0,1.4500000000000002,3.0,3.67,7.0
44117,2025-07-30,0.68,0.68,1,1.0,0.63,1.0,1.86,3.0,3.98,7.0
44117,2025-07-31,0.24,0.24,1,1.0,0.68,1.0,1.98,3.0,4.66,8.0
44133,2025-07-02,0.77,0.53,2,1.0,0.7000000000000001,2.0,1.3800000000000001,3.0,3.46,7.0
44133,2025-07-05,0.53,0.53,1,0.0,0.77,2.0,1.4700000000000002,4.0,4.010000000000001,8.0
44133,2025-07-06,0.53,0.53,1,1.0,0.53,1.0,2.0,5.0,3.9800000000000004,8.0
44133,2025-07-07,0.85,0.85,1,1.0,0.53,1.0,1.83,4.0,3.8400000000000003,8.0
44133,2025-07-08,0.9,0.5,2,1.0,0.85,1.0,1.91,3.0,4.0600000000000005,8.0
44133,2025-07-09,0.96,0.53,2,1.0,0.9,2.0,2.28,4.0,4.28,9.0
44133,2025-07-11,0.88,0.67,2,0.0,0.96,2.0,2.71,5.0,5.24,11.0
44133,2025-07-16,0.82,0.57,2,0.0,0.88,2.0,2.74,6.0,5.42,11.0
44133,2025-07-17,0.52,0.52,1,1.0,0.82,2.0,2.66,6.0,5.47,11.0
44133,2025-07-18,0.52,0.52,1,1.0,0.52,1.0,2.22,5.0,5.46,11.0
44133,2025-07-19,0.91,0.91,1,1.0,0.52,1.0,1.8599999999999999,4.0,5.45,11.0
44133,2025-07-24,1.13,0.6,2,0.0,0.91,1.0,1.9500000000000002,3.0,5.51,11.0
44133,2025-07-25,0.5,0.31,2,1.0,1.13,2.0,2.56,4.0,5.74,11.0
44133,2025-07-28,1.11,0.67,2,0.0,0.5,2.0,2.54,5.0,5.28,11.0
44133,2025-07-29,0.32,0.32,1,1.0,1.11,2.0,2.74,6.0,5.51,11.0
44133,2025-07-30,0.59,0.59,1,1.0,0.32,1.0,1.9300000000000002,5.0,5.01,10.0
44133,2025-07-31,0.94,0.72,2,1.0,0.59,1.0,2.02,4.0,5.08,10.0
44147,2025-07-07,0.34,0.34,1,0.0,0.16,1.0,0.7499999999999999,2.0,3.8099999999999996,9.0
44147,2025-07-12,0.35,0.35,1,0.0,0.34,1.0,0.5,2.0,3.0199999999999996,8.0
44148,2025-07-27,0.34,0.34,1,0.0,0.27,1.0,0.61,2.0,1.68,5.0
44929,2025-07-02,2.54,1.13,3,1.0,0.63,1.0,0.63,1.0,1.4,4.0
44929,2025-07-03,4.22,1.33,4,1.0,2.54,3.0,3.17,4.0,3.7800000000000002,6.0
44929,2025-07-11,0.93,0.93,1,0.0,4.22,4.0,7.39,8.0,7.66,9.0
44929,2025-07-12,1.23,0.7,2,1.0,0.93,1.0,7.6899999999999995,8.0,8.59,10.0
44929,2025-07-24,4.3,1.69,3,0.0,1.23,2.0,6.38,7.0,9.55,11.0
44929,2025-07-25,1.22,0.82,2,1.0,4.3,3.0,6.46,6.0,13.850000000000001,14.0
44929,2025-07-26,1.08,0.61,2,1.0,1.22,2.0,6.75,7.0,15.07,16.0
44929,2025-07-31,3.34,1.83,2,0.0,1.08,2.0,6.6,7.0,15.52,17.0
45324,2025-07-16,3.36,3.36,1,0.0,1.48,1.0,1.48,1.0,9.31,10.0
45324,2025-07-20,3.49,3.49,1,0.0,3.36,1.0,4.84,2.0,11.44,9.0
45683,2025-07-07,0.4,0.4,1,0.0,1.01,2.0,4.37,3.0,6.93,6.0
45683,2025-07-08,1.31,0.67,2,1.0,0.4,1.0,1.4100000000000001,3.0,6.25,5.0
45683,2025-07-18,0.43,0.43,1,0.0,1.31,2.0,2.72,5.0,7.5600000000000005,7.0
45683,2025-07-24,1.1800000000000002,0.66,2,0.0,0.43,1.0,2.14,4.0,7.99,8.0
45683,2025-07-27,0.78,0.78,1,0.0,1.1800000000000002,2.0,2.9200000000000004,5.0,7.6899999999999995,9.0
45683,2025-07-28,0.58,0.58,1,1.0,0.78,1.0,2.3900000000000006,4.0,5.11,9.0
45683,2025-07-29,0.25,0.25,1,1.0,0.58,1.0,2.5400000000000005,4.0,5.69,10.0
46100,2025-07-02,1.9100000000000001,0.79,3,1.0,1.05,2.0,1.6300000000000001,3.0,5.33,9.0
46100,2025-07-03,1.1600000000000001,0.61,2,1.0,1.9100000000000001,3.0,2.9600000000000004,5.0,5.93,10.0
46100,2025-07-04,2.29,0.82,4,1.0,1.1600000000000001,2.0,4.120000000000001,7.0,6.66,11.0
46100,2025-07-05,0.99,0.54,2,1.0,2.29,4.0,5.36,9.0,7.7700000000000005,13.0
46100,2025-07-06,5.49,4.26,3,1.0,0.99,2.0,4.44,8.0,7.98,14.0
46100,2025-07-07,1.3,0.79,2,1.0,5.49,3.0,8.77,9.0,12.89,16.0
46100,2025-07-08,1.2200000000000002,0.68,2,1.0,1.3,2.0,7.78,7.0,14.190000000000001,18.0
46100,2025-07-09,1.83,0.66,4,1.0,1.2200000000000002,2.0,8.01,7.0,14.36,18.0
46100,2025-07-10,0.64,0.64,1,1.0,1.83,4.0,4.3500000000000005,8.0,14.28,19.0
46100,2025-07-11,0.59,0.59,1,1.0,0.64,1.0,3.6900000000000004,7.0,13.760000000000002,18.0
46100,2025-07-12,1.4700000000000002,0.8,2,1.0,0.59,1.0,3.0599999999999996,6.0,12.06,15.0
46100,2025-07-13,1.74,0.59,3,1.0,1.4700000000000002,2.0,2.7,4.0,12.540000000000001,15.0
46100,2025-07-14,0.22,0.22,1,1.0,1.74,3.0,3.8,6.0,8.790000000000001,15.0
46100,2025-07-15,1.39,0.7,2,1.0,0.22,1.0,3.43,6.0,7.710000000000001,14.0
46100,2025-07-16,0.71,0.71,1,1.0,1.39,2.0,3.3499999999999996,6.0,7.88,14.0
46100,2025-07-17,0.44,0.44,1,1.0,0.71,1.0,2.32,4.0,6.76,11.0
46100,2025-07-24,1.7,0.77,3,0.0,0.44,1.0,2.5399999999999996,4.0,6.5600000000000005,11.0
46100,2025-07-25,0.4,0.4,1,1.0,1.7,3.0,2.8499999999999996,5.0,7.67,13.0
46100,2025-07-26,0.66,0.66,1,1.0,0.4,1.0,2.54,5.0,6.6,12.0
46100,2025-07-27,0.8,0.8,1,1.0,0.66,1.0,2.76,5.0,5.52,10.0
46100,2025-07-28,1.48,0.9,2,1.0,0.8,1.0,1.86,3.0,6.1,10.0
46100,2025-07-29,0.8500000000000001,0.68,2,1.0,1.48,2.0,2.94,4.0,6.1899999999999995,10.0
46100,2025-07-30,1.54,0.85,2,1.0,0.8500000000000001,2.0,3.1300000000000003,5.0,6.33,11.0
46100,2025-07-31,0.4,0.4,1,1.0,1.54,2.0,3.87,6.0,7.43,12.0
46446,2025-07-02,7.07,2.26,5,1.0,4.63,4.0,6.17,6.0,9.96,12.0
46446,2025-07-03,6.27,2.57,4,1.0,7.07,5.0,11.7,9.0,16.37,16.0
46446,2025-07-05,2.88,1.49,2,0.0,6.27,4.0,17.97,13.0,21.84,19.0
46446,2025-07-06,2.59,1.22,3,1.0,2.88,2.0,16.22,11.0,23.24,19.0
46446,2025-07-07,4.99,2.05,4,1.0,2.59,3.0,11.74,9.0,24.98,20.0
46446,2025-07-08,4.1,1.65,3,1.0,4.99,4.0,10.46,9.0,28.43,22.0
46446,2025-07-09,3.2199999999999998,1.18,3,1.0,4.1,3.0,11.68,10.0,32.53,25.0
46446,2025-07-10,2.99,1.79,2,1.0,3.2199999999999998,3.0,12.309999999999999,10.0,31.119999999999997,24.0
46446,2025-07-11,3.04,1.21,4,1.0,2.99,2.0,10.309999999999999,8.0,27.04,21.0
46446,2025-07-12,2.35,2.35,1,1.0,3.04,4.0,9.25,9.0,23.81,21.0
46446,2025-07-14,3.8200000000000003,2.39,2,0.0,2.35,1.0,8.38,7.0,23.28,20.0
46446,2025-07-15,0.28,0.28,1,1.0,3.8200000000000003,2.0,9.21,7.0,24.51,19.0
46446,2025-07-16,1.16,0.58,2,1.0,0.28,1.0,6.45,4.0,19.8,16.0
46446,2025-07-17,4.82,1.26,6,1.0,1.16,2.0,5.26,5.0,16.86,15.0
46446,2025-07-18,4.82,1.85,5,1.0,4.82,6.0,6.26,9.0,18.46,18.0
46446,2025-07-22,3.66,3.66,1,0.0,4.82,5.0,10.8,13.0,20.29,21.0
46446,2025-07-24,4.95,1.68,4,0.0,3.66,1.0,13.3,12.0,20.91,18.0
46446,2025-07-25,5.38,1.31,5,1.0,4.95,4.0,13.43,10.0,23.509999999999998,21.0
46446,2025-07-26,3.25,1.97,2,1.0,5.38,5.0,13.989999999999998,10.0,25.07,24.0
46446,2025-07-27,2.6900000000000004,1.06,4,1.0,3.25,2.0,13.579999999999998,11.0,28.040000000000003,25.0
46446,2025-07-28,4.18,0.87,6,1.0,2.6900000000000004,4.0,11.32,11.0,29.57,27.0
46446,2025-07-29,3.88,1.62,3,1.0,4.18,6.0,10.12,12.0,28.93,27.0
46446,2025-07-30,4.96,1.73,4,1.0,3.88,3.0,10.75,13.0,27.990000000000002,25.0
46446,2025-07-31,2.69,1.31,3,1.0,4.96,4.0,13.019999999999998,13.0,29.29,28.0
46786,2025-07-19,9.08,4.54,2,0.0,66.9,4.0,66.9,4.0,79.92,17.0
47175,2025-07-19,47.58,23.79,2,0.0,33.42,3.0,100.32000000000001,7.0,105.28,11.0
48381,2025-07-02,1.15,0.64,2,1.0,0.97,2.0,34.39,5.0,101.29,9.0
48381,2025-07-03,0.7,0.39,2,1.0,1.15,2.0,2.12,4.0,102.44000000000001,11.0
48381,2025-07-05,0.32,0.32,1,0.0,0.7,2.0,2.82,6.0,103.14,13.0
48381,2025-07-06,0.59,0.59,1,1.0,0.32,1.0,2.17,5.0,36.56,10.0
48381,2025-07-07,1.1,0.59,2,1.0,0.59,1.0,1.6099999999999999,4.0,37.15,11.0
48381,2025-07-08,0.77,0.4,2,1.0,1.1,2.0,2.01,4.0,4.83,10.0
48381,2025-07-09,0.52,0.52,1,1.0,0.77,2.0,2.46,5.0,5.6,12.0
48381,2025-07-11,0.73,0.73,1,0.0,0.52,1.0,2.39,5.0,5.15,11.0
48381,2025-07-12,1.0699999999999998,0.72,2,1.0,0.73,1.0,2.02,4.0,4.7299999999999995,10.0
48381,2025-07-13,0.49,0.49,1,1.0,1.0699999999999998,2.0,2.32,4.0,5.1,10.0
48381,2025-07-15,0.46,0.46,1,0.0,0.49,1.0,2.29,4.0,5.27,10.0
48381,2025-07-17,0.64,0.64,1,0.0,0.46,1.0,2.02,4.0,5.140000000000001,10.0
48381,2025-07-24,0.73,0.41,2,0.0,0.64,1.0,1.59,3.0,4.68,9.0
48381,2025-07-25,0.34,0.34,1,1.0,0.73,2.0,1.83,4.0,4.640000000000001,9.0
48381,2025-07-26,0.4,0.4,1,1.0,0.34,1.0,1.7100000000000002,4.0,4.46,9.0
48381,2025-07-29,0.41,0.41,1,0.0,0.4,1.0,1.47,4.0,4.13,9.0
48381,2025-07-30,0.73,0.41,2,1.0,0.41,1.0,1.15,3.0,3.4699999999999998,8.0
48381,2025-07-31,0.3,0.3,1,1.0,0.73,2.0,1.54,4.0,3.71,9.0
49524,2025-07-03,4.1899999999999995,1.6,3,1.0,4.27,3.0,5.0,5.0,6.879999999999999,10.0
49524,2025-07-05,2.47,1.58,2,0.0,4.1899999999999995,3.0,8.459999999999999,6.0,10.339999999999998,11.0
49524,2025-07-06,1.21,0.66,2,1.0,2.47,2.0,10.93,8.0,12.469999999999999,12.0
49524,2025-07-07,2.02,2.02,1,1.0,1.21,2.0,7.869999999999999,7.0,13.279999999999998,13.0
49524,2025-07-08,3.32,1.44,3,1.0,2.02,1.0,5.7,5.0,14.889999999999997,13.0
49524,2025-07-09,5.35,1.43,5,1.0,3.32,3.0,6.55,6.0,17.48,14.0
49524,2025-07-10,2.0300000000000002,1.26,2,1.0,5.35,5.0,10.69,9.0,22.83,19.0
49524,2025-07-11,2.79,2.01,2,1.0,2.0300000000000002,2.0,10.7,10.0,20.59,18.0
49524,2025-07-13,0.65,0.65,1,0.0,2.79,2.0,10.17,9.0,19.189999999999998,17.0
49524,2025-07-14,0.45,0.45,1,1.0,0.65,1.0,5.470000000000001,5.0,17.369999999999997,16.0
49524,2025-07-17,1.71,1.71,1,0.0,0.45,1.0,3.89,4.0,16.61,15.0
49524,2025-07-18,2.63,1.55,2,1.0,1.71,1.0,2.81,3.0,16.299999999999997,15.0
49524,2025-07-19,2.52,1.18,3,1.0,2.63,2.0,4.79,4.0,15.609999999999998,14.0
49524,2025-07-23,5.3,2.0,3,0.0,2.52,3.0,6.859999999999999,6.0,12.779999999999998,12.0
49524,2025-07-24,3.5300000000000002,1.35,4,1.0,5.3,3.0,10.45,8.0,16.049999999999997,13.0
49524,2025-07-25,2.51,0.88,3,1.0,3.5300000000000002,4.0,11.350000000000001,10.0,16.79,15.0
49524,2025-07-27,3.8,1.95,3,0.0,2.51,3.0,11.34,10.0,18.65,17.0
49524,2025-07-28,1.98,1.98,1,1.0,3.8,3.0,9.84,10.0,21.999999999999996,19.0
49524,2025-07-29,2.17,1.4,2,1.0,1.98,1.0,8.29,7.0,22.27,19.0
49524,2025-07-30,1.92,1.22,2,1.0,2.17,2.0,7.949999999999999,6.0,21.809999999999995,19.0
49524,2025-07-31,2.6,1.19,3,1.0,1.92,2.0,6.07,5.0,21.209999999999997,18.0
49525,2025-07-03,1.52,1.52,1,1.0,0.62,1.0,2.54,3.0,12.999999999999998,12.0
49525,2025-07-05,0.67,0.67,1,0.0,1.52,1.0,2.14,2.0,12.009999999999998,10.0
49525,2025-07-06,1.34,1.34,1,1.0,0.67,1.0,2.81,3.0,8.879999999999999,8.0
49525,2025-07-07,2.19,1.35,2,1.0,1.34,1.0,3.5300000000000002,3.0,8.239999999999998,8.0
49525,2025-07-08,1.09,1.09,1,1.0,2.19,2.0,4.2,4.0,8.259999999999998,8.0
49525,2025-07-09,2.58,1.59,2,1.0,1.09,1.0,4.62,4.0,7.429999999999998,7.0
49525,2025-07-10,2.23,1.01,3,1.0,2.58,2.0,5.859999999999999,5.0,10.009999999999998,9.0
49525,2025-07-11,1.55,0.81,2,1.0,2.23,3.0,5.9,6.0,11.62,11.0
49525,2025-07-17,0.74,0.4,2,0.0,1.55,2.0,6.36,7.0,11.649999999999997,12.0
49525,2025-07-18,0.69,0.69,1,1.0,0.74,2.0,4.52,7.0,11.719999999999997,13.0
49525,2025-07-20,0.74,0.74,1,0.0,0.69,1.0,2.98,5.0,11.069999999999997,13.0
49525,2025-07-23,2.7699999999999996,1.63,2,0.0,0.74,1.0,2.17,4.0,9.619999999999997,12.0
49525,2025-07-24,1.84,1.1,2,1.0,2.7699999999999996,2.0,4.199999999999999,4.0,11.299999999999997,13.0
49525,2025-07-25,2.7699999999999996,1.39,2,1.0,1.84,2.0,5.35,5.0,10.559999999999999,13.0
49525,2025-07-28,2.2,1.12,3,0.0,2.7699999999999996,2.0,7.379999999999999,6.0,11.099999999999998,12.0
49525,2025-07-29,0.8,0.8,1,1.0,2.2,3.0,6.81,7.0,11.749999999999998,13.0
49525,2025-07-30,2.46,1.27,2,1.0,0.8,1.0,5.77,6.0,11.809999999999999,12.0
49929,2025-07-08,0.5,0.5,1,0.0,0.27,1.0,1.07,2.0,10.649999999999999,11.0
49929,2025-07-19,0.87,0.87,1,0.0,0.5,1.0,0.77,2.0,8.379999999999997,10.0
49929,2025-07-31,0.71,0.71,1,0.0,0.87,1.0,1.6400000000000001,3.0,7.409999999999998,9.0
49930,2025-07-02,0.8400000000000001,0.55,2,1.0,0.8,2.0,1.67,3.0,3.2399999999999984,6.0
49930,2025-07-03,0.63,0.34,2,1.0,0.8400000000000001,2.0,1.6400000000000001,4.0,3.2799999999999985,7.0
49930,2025-07-05,1.09,0.66,2,0.0,0.63,2.0,2.27,6.0,3.9099999999999984,9.0
49930,2025-07-06,0.33,0.33,1,1.0,1.09,2.0,2.5600000000000005,6.0,4.729999999999999,10.0
49930,2025-07-07,1.3900000000000001,0.75,2,1.0,0.33,1.0,2.0500000000000003,5.0,4.559999999999998,10.0
49930,2025-07-08,1.6099999999999999,0.61,3,1.0,1.3900000000000001,2.0,2.8100000000000005,5.0,5.079999999999998,11.0
49930,2025-07-09,1.02,0.56,2,1.0,1.6099999999999999,3.0,3.33,6.0,6.689999999999999,14.0
49930,2025-07-10,1.78,1.06,2,1.0,1.02,2.0,4.02,7.0,6.909999999999998,14.0
49930,2025-07-11,0.81,0.41,2,1.0,1.78,2.0,4.41,7.0,7.849999999999998,14.0
49930,2025-07-12,1.97,0.69,4,1.0,0.81,2.0,3.6100000000000003,6.0,8.029999999999998,14.0
49930,2025-07-13,0.76,0.49,2,1.0,1.97,4.0,4.5600000000000005,8.0,8.909999999999998,16.0
49930,2025-07-14,0.45,0.45,1,1.0,0.76,2.0,3.54,8.0,9.339999999999998,17.0
49930,2025-07-15,0.64,0.64,1,1.0,0.45,1.0,3.18,7.0,8.399999999999999,16.0
49930,2025-07-17,0.86,0.62,2,0.0,0.64,1.0,1.85,4.0,7.429999999999998,14.0
49930,2025-07-19,0.71,0.71,1,0.0,0.86,2.0,1.9500000000000002,4.0,7.269999999999999,14.0
49930,2025-07-24,1.1600000000000001,0.67,2,0.0,0.71,1.0,2.21,4.0,6.199999999999998,13.0
49930,2025-07-25,0.99,0.34,3,1.0,1.1600000000000001,2.0,2.73,5.0,6.549999999999998,13.0
49930,2025-07-26,0.59,0.59,1,1.0,0.99,3.0,2.8600000000000003,6.0,5.5699999999999985,12.0
49930,2025-07-27,0.9199999999999999,0.54,3,1.0,0.59,1.0,2.74,6.0,5.399999999999999,11.0
49930,2025-07-28,0.82,0.47,2,1.0,0.9199999999999999,3.0,2.5,7.0,5.869999999999998,13.0
49930,2025-07-29,0.78,0.47,2,1.0,0.82,2.0,2.33,6.0,6.049999999999999,14.0
49930,2025-07-30,0.4,0.4,1,1.0,0.78,2.0,2.52,7.0,5.969999999999998,14.0
49930,2025-07-31,0.52,0.52,1,1.0,0.4,1.0,2.0,5.0,5.659999999999998,14.0
50318,2025-07-02,4.84,1.67,4,1.0,2.5,3.0,2.9,4.0,6.009999999999998,12.0
50318,2025-07-03,5.78,1.53,6,1.0,4.84,4.0,7.34,7.0,10.259999999999998,15.0
50318,2025-07-04,0.41,0.41,1,1.0,5.78,6.0,13.120000000000001,13.0,15.119999999999997,18.0
50318,2025-07-05,2.7,1.62,2,1.0,0.41,1.0,11.03,11.0,14.709999999999997,17.0
50318,2025-07-06,4.61,1.58,4,1.0,2.7,2.0,8.89,9.0,16.63,17.0
50318,2025-07-07,4.17,1.81,4,1.0,4.61,4.0,7.720000000000001,7.0,20.84,20.0
50318,2025-07-08,6.38,1.67,5,1.0,4.17,4.0,11.48,10.0,25.01,24.0
50318,2025-07-09,2.5,0.96,3,1.0,6.38,5.0,15.16,13.0,28.889999999999997,26.0
50318,2025-07-10,2.2800000000000002,1.01,3,1.0,2.5,3.0,13.05,12.0,26.549999999999997,25.0
50318,2025-07-11,3.09,1.63,3,1.0,2.2800000000000002,3.0,11.16,11.0,23.05,22.0
50318,2025-07-12,3.24,1.04,4,1.0,3.09,3.0,7.87,9.0,25.73,24.0
50318,2025-07-13,3.36,1.19,3,1.0,3.24,4.0,8.61,10.0,26.27,26.0
50318,2025-07-14,2.57,1.14,3,1.0,3.36,3.0,9.69,10.0,25.019999999999996,25.0
50318,2025-07-15,3.11,1.51,3,1.0,2.57,3.0,9.17,10.0,23.419999999999998,24.0
50318,2025-07-17,3.08,0.95,4,0.0,3.11,3.0,9.04,9.0,20.15,22.0
50318,2025-07-18,5.08,5.08,1,1.0,3.08,4.0,8.76,10.0,20.73,23.0
50318,2025-07-19,2.79,1.4,2,1.0,5.08,1.0,11.27,8.0,23.53,21.0
50318,2025-07-22,2.88,2.88,1,0.0,2.79,2.0,10.95,7.0,23.23,20.0
50318,2025-07-24,3.8,1.04,5,0.0,2.88,1.0,10.75,4.0,22.869999999999997,17.0
50318,2025-07-25,6.0,1.41,7,1.0,3.8,5.0,9.469999999999999,8.0,23.31,19.0
50318,2025-07-26,2.17,1.52,2,1.0,6.0,7.0,12.68,13.0,26.74,23.0
50318,2025-07-27,4.46,1.85,5,1.0,2.17,2.0,11.97,14.0,25.799999999999997,22.0
50318,2025-07-28,4.35,1.59,3,1.0,4.46,5.0,12.629999999999999,14.0,27.18,23.0
50318,2025-07-29,2.0,0.79,3,1.0,4.35,3.0,10.98,10.0,26.449999999999996,25.0
50318,2025-07-30,2.94,0.91,4,1.0,2.0,3.0,10.809999999999999,11.0,25.659999999999997,26.0
50318,2025-07-31,4.05,1.45,4,1.0,2.94,4.0,9.29,10.0,25.719999999999995,29.0
50800,2025-07-02,2.5300000000000002,1.43,2,1.0,2.73,3.0,5.67,7.0,18.65,20.0
50800,2025-07-03,0.83,0.83,1,1.0,2.5300000000000002,2.0,5.26,5.0,19.009999999999998,20.0
50800,2025-07-04,1.49,1.49,1,1.0,0.83,1.0,6.09,6.0,15.379999999999997,16.0
50800,2025-07-05,1.31,1.31,1,1.0,1.49,1.0,4.85,4.0,12.519999999999998,14.0
50800,2025-07-06,2.7800000000000002,1.53,2,1.0,1.31,1.0,3.63,3.0,11.829999999999998,12.0
50800,2025-07-07,1.02,1.02,1,1.0,2.7800000000000002,2.0,5.58,4.0,11.669999999999998,10.0
50800,2025-07-08,2.75,1.45,2,1.0,1.02,1.0,5.109999999999999,4.0,12.69,11.0
50800,2025-07-09,2.6500000000000004,1.34,2,1.0,2.75,2.0,6.550000000000001,5.0,12.709999999999999,10.0
50800,2025-07-12,1.27,1.27,1,0.0,2.6500000000000004,2.0,6.42,5.0,12.83,10.0
50800,2025-07-13,1.5,1.5,1,1.0,1.27,1.0,6.670000000000001,5.0,13.27,10.0
50800,2025-07-15,2.25,1.2,2,0.0,1.5,1.0,5.42,4.0,13.28,10.0
50800,2025-07-16,0.62,0.62,1,1.0,2.25,2.0,5.02,4.0,14.219999999999999,11.0
50800,2025-07-17,1.64,1.64,1,1.0,0.62,1.0,4.37,4.0,12.059999999999997,10.0
50800,2025-07-18,1.24,1.24,1,1.0,1.64,1.0,4.51,4.0,12.679999999999998,10.0
50800,2025-07-19,0.58,0.58,1,1.0,1.24,1.0,3.5,3.0,11.169999999999998,9.0
50800,2025-07-20,1.13,1.13,1,1.0,0.58,1.0,3.4599999999999995,3.0,9.099999999999998,8.0
50800,2025-07-21,4.3100000000000005,1.7,3,1.0,1.13,1.0,2.9499999999999997,3.0,8.959999999999997,8.0
50800,2025-07-22,4.6899999999999995,1.85,3,1.0,4.3100000000000005,3.0,6.0200000000000005,5.0,11.769999999999998,10.0
50800,2025-07-23,2.87,1.31,3,1.0,4.6899999999999995,3.0,10.129999999999999,7.0,14.209999999999997,11.0
50800,2025-07-24,1.14,1.14,1,1.0,2.87,3.0,11.870000000000001,9.0,16.459999999999997,13.0
50800,2025-07-25,3.1,1.31,3,1.0,1.14,1.0,8.7,7.0,15.959999999999997,13.0
50800,2025-07-26,2.86,1.63,2,1.0,3.1,3.0,7.11,7.0,17.819999999999997,15.0
50800,2025-07-27,2.33,1.18,2,1.0,2.86,2.0,7.1,6.0,20.099999999999998,16.0
50800,2025-07-28,2.84,1.56,2,1.0,2.33,2.0,8.290000000000001,7.0,21.299999999999997,17.0
50800,2025-07-29,1.36,1.36,1,1.0,2.84,2.0,8.03,6.0,19.83,16.0
50800,2025-07-30,1.08,1.08,1,1.0,1.36,1.0,6.53,5.0,16.5,14.0
50800,2025-07-31,2.45,1.23,2,1.0,1.08,1.0,5.279999999999999,4.0,14.709999999999997,12.0
51847,2025-07-10,0.52,0.52,1,0.0,0.46,1.0,0.46,1.0,5.7399999999999975,5.0
51847,2025-07-27,0.6,0.6,1,0.0,0.52,1.0,0.98,2.0,3.419999999999998,4.0
51848,2025-07-03,0.59,0.59,1,1.0,0.41,1.0,0.9299999999999999,2.0,1.3899999999999981,3.0
51848,2025-07-04,0.41,0.41,1,1.0,0.59,1.0,1.0,2.0,1.9799999999999982,4.0
51848,2025-07-07,0.44,0.44,1,0.0,0.41,1.0,1.41,3.0,2.3899999999999983,5.0
51848,2025-07-08,0.25,0.25,1,1.0,0.44,1.0,1.44,3.0,2.8299999999999983,6.0
51848,2025-07-09,0.28,0.28,1,1.0,0.25,1.0,1.1,3.0,2.6199999999999983,6.0
51848,2025-07-10,0.48,0.48,1,1.0,0.28,1.0,0.9700000000000001,3.0,2.379999999999998,6.0
51848,2025-07-17,0.71,0.71,1,0.0,0.48,1.0,1.01,3.0,2.859999999999998,7.0
51848,2025-07-23,0.76,0.39,2,0.0,0.71,1.0,1.47,3.0,3.159999999999998,7.0
51848,2025-07-24,1.04,0.58,2,1.0,0.76,2.0,1.95,4.0,3.3299999999999983,8.0
51848,2025-07-25,0.54,0.54,1,1.0,1.04,2.0,2.51,5.0,3.959999999999998,9.0
52256,2025-07-02,7.93,3.82,4,1.0,5.48,5.0,5.48,5.0,8.469999999999999,11.0
52256,2025-07-03,3.58,1.61,3,1.0,7.93,4.0,13.41,9.0,15.919999999999998,14.0
52256,2025-07-04,0.47,0.47,1,1.0,3.58,3.0,16.990000000000002,12.0,18.79,16.0
52256,2025-07-05,3.55,2.09,2,1.0,0.47,1.0,11.98,8.0,18.499999999999996,15.0
52256,2025-07-06,2.61,1.69,2,1.0,3.55,2.0,7.6,6.0,21.009999999999998,15.0
52256,2025-07-07,5.4799999999999995,1.89,4,1.0,2.61,2.0,6.629999999999999,5.0,23.619999999999997,17.0
52256,2025-07-08,3.24,1.33,3,1.0,5.4799999999999995,4.0,11.64,8.0,29.099999999999998,21.0
52256,2025-07-09,3.59,1.45,4,1.0,3.24,3.0,11.329999999999998,9.0,26.86,19.0
52256,2025-07-10,5.2,2.17,4,1.0,3.59,4.0,12.309999999999999,11.0,22.519999999999996,19.0
52256,2025-07-11,3.89,1.25,4,1.0,5.2,4.0,12.030000000000001,11.0,24.14,20.0
52256,2025-07-12,0.73,0.73,1,1.0,3.89,4.0,12.680000000000001,12.0,27.56,23.0
52256,2025-07-13,1.6400000000000001,1.11,2,1.0,0.73,1.0,9.82,9.0,24.739999999999995,22.0
52256,2025-07-14,1.19,1.19,1,1.0,1.6400000000000001,2.0,6.260000000000002,7.0,23.769999999999996,22.0
52256,2025-07-15,2.5,1.77,2,1.0,1.19,1.0,3.560000000000001,4.0,19.48,19.0
52256,2025-07-17,4.55,1.71,4,0.0,2.5,2.0,5.330000000000001,5.0,18.74,18.0
52256,2025-07-18,1.06,1.06,1,1.0,4.55,4.0,8.24,7.0,19.7,18.0
52256,2025-07-19,2.7800000000000002,1.41,2,1.0,1.06,1.0,8.110000000000001,7.0,15.559999999999999,15.0
52256,2025-07-20,2.23,1.4,2,1.0,2.7800000000000002,2.0,8.390000000000002,7.0,14.45,13.0
52256,2025-07-22,5.36,3.99,3,0.0,2.23,2.0,6.070000000000001,5.0,15.95,14.0
52256,2025-07-23,4.1899999999999995,1.52,3,1.0,5.36,3.0,10.370000000000001,7.0,19.669999999999998,15.0
52256,2025-07-24,2.98,1.52,2,1.0,4.1899999999999995,3.0,11.780000000000001,8.0,22.669999999999995,17.0
52256,2025-07-25,4.98,1.28,5,1.0,2.98,2.0,12.53,8.0,23.149999999999995,17.0
52256,2025-07-26,5.9399999999999995,1.93,4,1.0,4.98,5.0,12.15,10.0,23.58,18.0
52256,2025-07-27,2.67,1.89,2,1.0,5.9399999999999995,4.0,13.9,11.0,28.459999999999997,21.0
52256,2025-07-28,4.74,1.88,4,1.0,2.67,2.0,13.59,11.0,28.35,21.0
52256,2025-07-29,4.68,1.7,3,1.0,4.74,4.0,13.35,10.0,30.86,23.0
52256,2025-07-30,3.74,1.2,5,1.0,4.68,3.0,12.09,9.0,30.18,23.0
52256,2025-07-31,2.42,1.27,2,1.0,3.74,5.0,13.16,12.0,29.729999999999997,25.0
52645,2025-07-07,0.37,0.37,1,0.0,0.39,1.0,4.13,6.0,22.159999999999997,19.0
52645,2025-07-08,1.17,1.17,1,1.0,0.37,1.0,0.76,2.0,16.59,16.0
52645,2025-07-17,1.22,0.75,2,0.0,1.17,1.0,1.93,3.0,15.089999999999998,15.0
52645,2025-07-19,0.47,0.47,1,0.0,1.22,2.0,2.76,4.0,11.569999999999999,13.0
52645,2025-07-25,0.55,0.55,1,0.0,0.47,1.0,2.86,4.0,7.3599999999999985,11.0
52645,2025-07-27,0.7,0.7,1,0.0,0.55,1.0,2.24,4.0,4.169999999999998,7.0
52645,2025-07-28,0.3,0.3,1,1.0,0.7,1.0,1.72,3.0,4.869999999999998,8.0
53341,2025-07-11,0.28,0.28,1,0.0,0.5,1.0,0.5,1.0,3.4399999999999986,6.0
53341,2025-07-19,0.35,0.35,1,0.0,0.28,1.0,0.78,2.0,2.4999999999999982,5.0
53341,2025-07-24,0.4,0.4,1,0.0,0.35,1.0,1.13,3.0,2.3799999999999986,5.0
53341,2025-07-28,0.21,0.21,1,0.0,0.4,1.0,1.03,3.0,2.229999999999998,5.0
53341,2025-07-30,0.45,0.45,1,0.0,0.21,1.0,0.96,3.0,1.7399999999999982,5.0
53409,2025-07-18,0.36,0.36,1,1.0,0.32,1.0,0.53,2.0,2.0599999999999983,6.0
55395,2025-07-07,0.49,0.49,1,0.0,0.34,1.0,0.34,1.0,0.6599999999999984,2.0
55395,2025-07-08,0.42,0.42,1,1.0,0.49,1.0,0.8300000000000001,2.0,0.8299999999999983,2.0
55395,2025-07-16,0.26,0.26,1,0.0,0.42,1.0,1.25,3.0,1.2499999999999982,3.0
55395,2025-07-22,0.75,0.75,1,0.0,0.26,1.0,1.17,3.0,1.5099999999999982,4.0
55395,2025-07-28,0.39,0.39,1,0.0,0.75,1.0,1.43,3.0,2.259999999999998,5.0
55396,2025-07-04,0.38,0.38,1,1.0,0.31,1.0,1.06,2.0,2.569999999999998,6.0
55396,2025-07-06,0.42,0.42,1,0.0,0.38,1.0,0.69,2.0,2.6099999999999985,6.0
55396,2025-07-08,0.38,0.38,1,0.0,0.42,1.0,1.1099999999999999,3.0,2.5399999999999983,6.0
55396,2025-07-09,0.57,0.57,1,1.0,0.38,1.0,1.18,3.0,2.4999999999999982,6.0
55396,2025-07-13,0.34,0.34,1,0.0,0.57,1.0,1.37,3.0,2.8099999999999983,6.0
55396,2025-07-17,0.44,0.44,1,0.0,0.34,1.0,1.29,3.0,2.399999999999998,6.0
55396,2025-07-19,0.4,0.4,1,0.0,0.44,1.0,1.35,3.0,2.839999999999998,7.0
55396,2025-07-20,0.27,0.27,1,1.0,0.4,1.0,1.1800000000000002,3.0,2.9299999999999984,7.0
55396,2025-07-23,0.57,0.57,1,0.0,0.27,1.0,1.1099999999999999,3.0,2.819999999999998,7.0
55396,2025-07-24,0.5700000000000001,0.31,2,1.0,0.57,1.0,1.24,3.0,2.969999999999998,7.0
56218,2025-07-28,2.26,2.26,1,0.0,1.55,1.0,2.12,2.0,3.5699999999999985,6.0
56219,2025-07-02,8.84,3.31,4,1.0,10.61,7.0,12.16,8.0,13.399999999999999,11.0
56219,2025-07-03,17.07,4.17,6,1.0,8.84,4.0,19.45,11.0,21.839999999999996,14.0
56219,2025-07-04,11.959999999999999,2.02,7,1.0,17.07,6.0,36.519999999999996,17.0,38.64,19.0
56219,2025-07-05,5.279999999999999,3.53,2,1.0,11.959999999999999,7.0,37.87,17.0,50.029999999999994,25.0
56219,2025-07-06,13.1,3.28,7,1.0,5.279999999999999,2.0,34.31,15.0,55.309999999999995,27.0
56219,2025-07-07,11.76,2.95,5,1.0,13.1,7.0,30.339999999999996,16.0,66.86,33.0
56219,2025-07-08,8.690000000000001,2.91,4,1.0,11.76,5.0,30.139999999999997,14.0,78.62,38.0
56219,2025-07-09,8.53,2.26,5,1.0,8.690000000000001,4.0,33.55,16.0,76.7,35.0
56219,2025-07-12,6.12,2.3,4,0.0,8.53,5.0,28.979999999999997,14.0,76.39,36.0
56219,2025-07-13,6.8100000000000005,2.69,4,1.0,6.12,4.0,23.34,13.0,65.44,34.0
56219,2025-07-14,8.620000000000001,3.59,3,1.0,6.8100000000000005,4.0,21.46,13.0,60.28999999999999,31.0
56219,2025-07-15,18.92,2.78,8,1.0,8.620000000000001,3.0,21.550000000000004,11.0,63.629999999999995,32.0
56219,2025-07-16,6.0,2.08,3,1.0,18.92,8.0,34.35000000000001,15.0,69.45,33.0
56219,2025-07-17,4.75,1.73,3,1.0,6.0,3.0,33.540000000000006,14.0,63.69,31.0
56219,2025-07-19,10.88,3.41,4,0.0,4.75,3.0,29.670000000000005,14.0,59.75,30.0
56219,2025-07-20,12.73,2.58,6,1.0,10.88,4.0,21.630000000000003,10.0,62.1,29.0
56219,2025-07-21,11.7,2.7,6,1.0,12.73,6.0,28.360000000000007,13.0,68.71000000000001,31.0
56219,2025-07-22,7.19,2.41,4,1.0,11.7,6.0,35.31,16.0,73.6,33.0
56219,2025-07-23,12.48,3.01,7,1.0,7.19,4.0,31.62,16.0,72.17,34.0
56219,2025-07-24,7.8100000000000005,3.83,5,1.0,12.48,7.0,31.37,17.0,65.72999999999999,33.0
56219,2025-07-25,9.25,2.98,5,1.0,7.8100000000000005,5.0,27.480000000000004,16.0,67.53999999999999,35.0
56219,2025-07-26,7.66,2.42,4,1.0,9.25,5.0,29.540000000000006,17.0,72.03999999999999,37.0
56219,2025-07-27,11.76,2.43,6,1.0,7.66,4.0,24.720000000000006,14.0,68.82,37.0
56219,2025-07-28,7.46,2.41,4,1.0,11.76,6.0,28.67,15.0,67.85,37.0
56219,2025-07-29,6.42,2.53,3,1.0,7.46,4.0,26.880000000000003,14.0,63.61,35.0
56219,2025-07-30,13.08,3.33,6,1.0,6.42,3.0,25.640000000000004,13.0,62.839999999999996,34.0
56219,2025-07-31,12.01,2.38,6,1.0,13.08,6.0,26.960000000000004,13.0,63.44,33.0
56621,2025-07-02,5.5,2.11,3,1.0,6.180000000000001,4.0,19.260000000000005,10.0,52.559999999999995,27.0
56621,2025-07-03,7.03,2.58,3,1.0,5.5,3.0,11.680000000000003,7.0,50.4,26.0
56621,2025-07-04,6.18,1.8,4,1.0,7.03,3.0,18.710000000000004,10.0,45.67,23.0
56621,2025-07-05,2.92,2.35,2,1.0,6.18,4.0,18.710000000000004,10.0,44.39,23.0
56621,2025-07-06,3.89,2.06,2,1.0,2.92,2.0,16.130000000000003,9.0,40.89,22.0
56621,2025-07-07,7.75,2.09,5,1.0,3.89,2.0,12.990000000000004,8.0,31.699999999999996,18.0
56621,2025-07-08,4.71,2.61,2,1.0,7.75,5.0,14.560000000000004,9.0,39.449999999999996,23.0
56621,2025-07-09,8.98,1.81,7,1.0,4.71,2.0,16.350000000000005,9.0,37.98,21.0
56621,2025-07-10,6.540000000000001,2.62,4,1.0,8.98,7.0,21.440000000000005,14.0,41.459999999999994,25.0
56621,2025-07-11,6.52,2.03,4,1.0,6.540000000000001,4.0,20.230000000000004,13.0,40.97,26.0
56621,2025-07-12,5.640000000000001,2.54,3,1.0,6.52,4.0,22.040000000000006,15.0,41.309999999999995,26.0
56621,2025-07-13,4.11,1.35,4,1.0,5.640000000000001,3.0,18.700000000000003,11.0,44.029999999999994,27.0
56621,2025-07-14,8.36,2.97,4,1.0,4.11,4.0,16.270000000000003,11.0,44.24999999999999,29.0
56621,2025-07-15,5.72,2.27,3,1.0,8.36,4.0,18.110000000000003,11.0,44.86,28.0
56621,2025-07-16,4.56,2.84,4,1.0,5.72,3.0,18.19,11.0,45.87,29.0
56621,2025-07-17,5.470000000000001,2.65,3,1.0,4.56,4.0,18.64,11.0,41.449999999999996,26.0
56621,2025-07-19,7.2,2.41,5,0.0,5.470000000000001,3.0,15.750000000000004,10.0,40.379999999999995,25.0
56621,2025-07-20,3.86,1.96,2,1.0,7.2,5.0,17.230000000000004,12.0,41.059999999999995,26.0
56621,2025-07-21,7.23,2.15,5,1.0,3.86,2.0,16.530000000000005,10.0,39.279999999999994,25.0
56621,2025-07-22,8.16,2.5,6,1.0,7.23,5.0,18.290000000000006,12.0,42.4,26.0
56621,2025-07-23,7.34,2.32,4,1.0,8.16,6.0,19.250000000000007,13.0,42.199999999999996,28.0
56621,2025-07-24,5.14,2.33,3,1.0,7.34,4.0,22.730000000000004,15.0,43.82,29.0
56621,2025-07-25,5.53,1.88,4,1.0,5.14,3.0,20.640000000000004,13.0,44.4,28.0
56621,2025-07-26,5.5,1.68,4,1.0,5.53,4.0,18.010000000000005,11.0,44.459999999999994,29.0
56621,2025-07-27,7.47,2.16,5,1.0,5.5,4.0,16.17,11.0,42.75999999999999,28.0
56621,2025-07-28,6.31,2.57,4,1.0,7.47,5.0,18.500000000000004,13.0,46.37,31.0
56621,2025-07-29,4.85,1.99,3,1.0,6.31,4.0,19.28,13.0,45.449999999999996,30.0
56621,2025-07-30,3.5300000000000002,2.24,2,1.0,4.85,3.0,18.630000000000003,12.0,42.13999999999999,27.0
56621,2025-07-31,5.33,2.48,4,1.0,3.5300000000000002,2.0,14.690000000000005,9.0,38.33,25.0
57723,2025-07-09,9.61,9.61,1,0.0,7.5600000000000005,2.0,7.5600000000000005,2.0,29.719999999999995,16.0
57723,2025-07-10,23.82,11.68,3,1.0,9.61,1.0,17.17,3.0,31.859999999999996,12.0
57723,2025-07-25,0.99,0.99,1,0.0,23.82,3.0,40.99,6.0,49.37,11.0
57724,2025-07-10,6.02,6.02,1,0.0,27.87,3.0,51.69,6.0,68.86,9.0
58112,2025-07-10,20.72,6.12,5,0.0,6.94,2.0,34.81,5.0,75.8,11.0
58112,2025-07-14,27.189999999999998,15.7,2,0.0,20.72,5.0,27.66,7.0,88.96,14.0
60808,2025-07-02,1.5499999999999998,0.85,2,1.0,1.09,1.0,1.09,1.0,1.09,1.0
60808,2025-07-03,1.5699999999999998,0.95,2,1.0,1.5499999999999998,2.0,2.6399999999999997,3.0,2.639999999999996,3.0
60808,2025-07-04,0.59,0.59,1,1.0,1.5699999999999998,2.0,4.21,5.0,4.209999999999996,5.0
60808,2025-07-05,0.81,0.81,1,1.0,0.59,1.0,3.71,5.0,4.799999999999996,6.0
60808,2025-07-06,1.45,0.88,2,1.0,0.81,1.0,2.97,4.0,5.609999999999996,7.0
60808,2025-07-07,0.98,0.73,2,1.0,1.45,2.0,2.8499999999999996,4.0,7.059999999999996,9.0
60808,2025-07-08,2.13,1.07,2,1.0,0.98,2.0,3.24,5.0,8.039999999999996,11.0
60808,2025-07-09,0.86,0.86,1,1.0,2.13,2.0,4.5600000000000005,6.0,9.079999999999997,12.0
60808,2025-07-10,0.54,0.54,1,1.0,0.86,1.0,3.9699999999999998,5.0,8.389999999999997,11.0
60808,2025-07-11,1.21,0.78,2,1.0,0.54,1.0,3.53,4.0,7.359999999999996,10.0
60808,2025-07-15,2.33,1.06,3,0.0,1.21,2.0,2.61,4.0,7.979999999999996,11.0
60808,2025-07-17,1.4300000000000002,0.93,2,0.0,2.33,3.0,4.08,6.0,9.499999999999996,13.0
60808,2025-07-18,0.4,0.4,1,1.0,1.4300000000000002,2.0,4.970000000000001,7.0,9.479999999999997,13.0
60808,2025-07-19,0.63,0.63,1,1.0,0.4,1.0,4.16,6.0,8.899999999999997,12.0
60808,2025-07-21,0.97,0.97,1,0.0,0.63,1.0,2.46,4.0,7.399999999999996,11.0
60808,2025-07-22,1.6,0.94,2,1.0,0.97,1.0,2.0,3.0,7.509999999999996,11.0
60808,2025-07-23,1.3199999999999998,0.75,2,1.0,1.6,2.0,3.2,4.0,8.569999999999997,12.0
60808,2025-07-24,0.62,0.62,1,1.0,1.3199999999999998,2.0,3.89,5.0,8.679999999999996,12.0
60808,2025-07-25,0.56,0.56,1,1.0,0.62,1.0,3.54,5.0,6.969999999999996,10.0
60808,2025-07-26,1.24,0.77,2,1.0,0.56,1.0,2.5,4.0,6.099999999999996,9.0
60808,2025-07-27,0.76,0.76,1,1.0,1.24,2.0,2.42,4.0,6.939999999999996,10.0
61608,2025-07-08,11.81,11.81,1,0.0,43.28,3.0,43.28,3.0,44.519999999999996,5.0
61608,2025-07-14,6.65,6.65,1,0.0,11.81,1.0,55.09,4.0,55.089999999999996,4.0
63046,2025-07-16,88.64,19.2,5,0.0,354.02,6.0,354.02,6.0,409.10999999999996,10.0
63046,2025-07-20,72.13,31.8,3,0.0,88.64,5.0,442.65999999999997,11.0,497.74999999999994,15.0
63047,2025-07-16,3.9,3.9,1,0.0,239.79999999999998,3.0,328.44,8.0,682.46,14.0
65378,2025-07-15,2.06,2.06,1,0.0,2.0,1.0,2.0,1.0,330.44,9.0
65378,2025-07-19,3.89,3.89,1,0.0,2.06,1.0,4.0600000000000005,2.0,243.86,5.0
65419,2025-07-05,13.63,2.63,8,1.0,36.099999999999994,2.0,38.16,3.0,40.16,4.0
65420,2025-07-05,19.990000000000002,9.02,10,1.0,1249.98,23.0,1286.08,25.0,1290.14,27.0
65420,2025-07-06,0.96,0.59,2,1.0,19.990000000000002,10.0,1269.97,33.0,1310.13,37.0
65421,2025-07-05,46.519999999999996,15.58,18,1.0,1043.02,14.0,1063.01,24.0,2349.09,49.0
65421,2025-07-06,16.86,9.37,4,1.0,46.519999999999996,18.0,1089.54,32.0,2395.61,67.0
65421,2025-07-07,71.46,50.82,3,1.0,16.86,4.0,1106.4,36.0,2376.3700000000003,69.0
65422,2025-07-05,92.9,19.6,25,1.0,298.43,6.0,315.29,10.0,1424.82,52.0
65423,2025-07-05,29.47,9.16,13,1.0,340.49,20.0,638.9200000000001,26.0,1745.32,62.0
65424,2025-07-05,0.96,0.96,1,1.0,426.71999999999997,19.0,767.21,39.0,1082.5,49.0
65807,2025-07-05,15.04,4.87,8,1.0,848.34,14.0,848.34,14.0,1275.06,33.0
65808,2025-07-05,13.45,3.65,6,1.0,1795.34,70.0,2643.68,84.0,2643.6800000000003,84.0
65809,2025-07-05,268.13,127.1,5,1.0,2819.17,72.0,4614.51,142.0,5462.85,156.0
65810,2025-07-05,431.73,128.96,17,1.0,1828.32,57.0,4647.49,129.0,7291.17,213.0
65810,2025-07-06,1.0,1.0,1,1.0,431.73,17.0,2260.05,74.0,6874.56,216.0
65810,2025-07-09,17.77,10.47,2,0.0,1.0,1.0,2261.05,75.0,6875.56,217.0
65811,2025-07-05,22.68,7.31,11,1.0,637.57,52.0,638.57,53.0,5717.790000000001,199.0
65812,2025-07-05,0.53,0.53,1,1.0,238.22,42.0,875.7900000000001,94.0,3136.8400000000006,169.0
66194,2025-07-04,1.01,1.01,1,1.0,11.26,1.0,11.26,1.0,11.26,1.0
66196,2025-07-05,3.3200000000000003,1.87,2,1.0,554.91,60.0,566.17,61.0,566.1700000000004,61.0
66197,2025-07-04,1195.71,64.85,93,1.0,13.979999999999999,2.0,568.89,62.0,580.1500000000004,63.0
66197,2025-07-05,52.6,38.0,5,1.0,1195.71,93.0,1209.69,95.0,1775.8600000000006,156.0
66572,2025-07-03,0.8,0.8,1,1.0,2392.13,29.0,2392.13,29.0,3587.840000000001,122.0
66573,2025-07-03,4.21,0.86,7,1.0,2762.02,36.0,5154.15,65.0,5154.1500000000015,65.0
66579,2025-07-07,320.03999999999996,120.66,7,0.0,87.28,17.0,87.28,17.0,2849.300000000001,53.0
66581,2025-07-04,3.0599999999999996,2.01,2,1.0,420.63,37.0,420.63,37.0,507.9100000000009,54.0
66582,2025-07-04,57.89,23.78,4,1.0,1950.82,55.0,2371.45,92.0,2458.730000000001,109.0
66585,2025-07-04,44.160000000000004,3.21,26,1.0,4183.88,70.0,4183.88,70.0,6555.330000000001,162.0
66586,2025-07-04,70.67,6.32,18,1.0,1717.79,44.0,5901.67,114.0,7852.490000000001,169.0
66586,2025-07-05,23.25,19.91,2,1.0,70.67,18.0,1788.46,62.0,5972.340000000001,132.0
66587,2025-07-04,3.69,2.42,2,1.0,7.49,4.0,78.16,22.0,5979.830000000001,136.0
66617,2025-07-22,4.87,4.87,1,0.0,5.55,1.0,13.04,5.0,1801.500000000001,67.0
66961,2025-07-03,0.98,0.98,1,1.0,3718.98,26.0,3724.53,27.0,3802.690000000001,49.0
66970,2025-07-04,57.31,47.77,2,1.0,239.93,37.0,239.93,37.0,239.93,37.0
66970,2025-07-05,10.94,10.94,1,1.0,57.31,2.0,297.24,39.0,297.2400000000009,39.0
66971,2025-07-04,249.26,107.44,4,1.0,478.55,73.0,535.86,75.0,775.7900000000009,112.0
66971,2025-07-05,76.74,38.37,2,1.0,249.26,4.0,727.81,77.0,1025.0500000000009,116.0
66972,2025-07-04,1.38,1.38,1,1.0,346.02,76.0,595.28,80.0,1371.0700000000008,192.0
66973,2025-07-04,0.97,0.97,1,1.0,66.06,41.0,412.08,117.0,1139.8900000000008,194.0
66974,2025-07-04,4.24,1.73,3,1.0,309.65,38.0,375.71,79.0,970.9900000000009,159.0
66976,2025-07-04,50.3,9.7,18,1.0,0.98,1.0,0.98,1.0,376.6900000000009,80.0
67350,2025-07-04,4.43,1.97,4,1.0,479.37,22.0,479.37,22.0,480.35000000000093,23.0
67354,2025-07-10,50.76,18.28,5,0.0,60.39,8.0,60.39,8.0,539.7600000000009,30.0
67355,2025-07-10,19.4,19.4,1,0.0,21.61,12.0,82.0,20.0,82.00000000000091,20.0
67360,2025-07-05,38.37,38.37,1,0.0,47.32,27.0,47.32,27.0,129.3200000000009,47.0
67443,2025-07-03,0.37,0.37,1,1.0,1.79,2.0,1.79,2.0,1.79,2.0
67443,2025-07-07,0.65,0.65,1,0.0,0.37,1.0,2.16,3.0,2.1600000000009096,3.0
67443,2025-07-08,0.75,0.75,1,1.0,0.65,1.0,2.81,4.0,2.8100000000009095,4.0
67443,2025-07-09,0.65,0.65,1,1.0,0.75,1.0,1.77,3.0,3.5600000000009095,5.0
67443,2025-07-11,0.95,0.95,1,0.0,0.65,1.0,2.05,3.0,4.2100000000009095,6.0
67443,2025-07-17,1.1600000000000001,0.78,2,0.0,0.95,1.0,2.35,3.0,5.16000000000091,7.0
67443,2025-07-18,0.85,0.85,1,1.0,1.1600000000000001,2.0,2.7600000000000002,4.0,6.32000000000091,9.0
67443,2025-07-19,0.86,0.86,1,1.0,0.85,1.0,2.9600000000000004,4.0,5.380000000000909,8.0
67443,2025-07-22,0.54,0.54,1,0.0,0.86,1.0,2.87,4.0,5.87000000000091,8.0
67443,2025-07-23,0.72,0.72,1,1.0,0.54,1.0,2.25,3.0,5.76000000000091,8.0
67443,2025-07-24,1.07,1.07,1,1.0,0.72,1.0,2.12,3.0,5.730000000000909,8.0
67443,2025-07-25,0.81,0.81,1,1.0,1.07,1.0,2.33,3.0,6.15000000000091,8.0
67443,2025-07-26,0.54,0.54,1,1.0,0.81,1.0,2.6,3.0,6.010000000000909,8.0
67443,2025-07-27,0.75,0.75,1,1.0,0.54,1.0,2.42,3.0,5.39000000000091,7.0
67443,2025-07-28,0.99,0.99,1,1.0,0.75,1.0,2.1,3.0,5.29000000000091,7.0
67739,2025-07-04,239.99,33.37,58,1.0,896.61,9.0,896.61,9.0,899.7800000000009,13.0
67739,2025-07-05,21.24,2.89,16,1.0,239.99,58.0,1136.6,67.0,1138.7000000000007,70.0
67740,2025-07-04,6.22,1.71,6,1.0,2363.36,75.0,2603.35,133.0,3500.710000000001,143.0
67742,2025-07-04,23.35,23.35,1,1.0,3014.36,71.0,3014.36,71.0,6514.3200000000015,213.0
67742,2025-07-10,16.95,16.95,1,0.0,23.35,1.0,3037.71,72.0,5641.060000000001,205.0
67743,2025-07-04,19.990000000000002,10.1,2,1.0,686.55,68.0,709.9,69.0,6087.620000000001,215.0
67743,2025-07-10,31.9,14.7,3,0.0,19.990000000000002,2.0,706.54,70.0,3744.250000000001,142.0
67744,2025-07-04,4.08,1.08,5,1.0,95.34,35.0,115.33000000000001,37.0,3839.590000000001,177.0
67744,2025-07-05,27.53,27.53,1,1.0,4.08,5.0,99.42,40.0,829.3100000000009,111.0
67745,2025-07-04,15.620000000000001,9.41,2,1.0,649.8000000000001,42.0,653.8800000000001,47.0,1455.760000000001,152.0
67745,2025-07-05,605.23,211.82,5,1.0,15.620000000000001,2.0,665.4200000000001,44.0,784.830000000001,86.0
67746,2025-07-04,295.25,31.05,24,1.0,151.14,22.0,166.76,24.0,915.9800000000009,106.0
67746,2025-07-05,33.32,14.4,3,1.0,295.25,24.0,446.39,46.0,1115.8900000000008,95.0
68128,2025-07-04,781.49,53.64,70,1.0,241.66,1.0,241.66,1.0,241.66,1.0
68128,2025-07-05,7.36,1.61,6,1.0,781.49,70.0,1023.15,71.0,1023.1500000000009,71.0
68129,2025-07-04,308.32,53.64,36,1.0,2679.62,14.0,3461.1099999999997,84.0,3702.770000000001,85.0
68130,2025-07-04,8.66,2.16,7,1.0,2039.3899999999999,19.0,4719.01,33.0,5742.160000000001,104.0
68131,2025-07-04,12.3,1.74,11,1.0,1516.0700000000002,16.0,3555.46,35.0,7016.5700000000015,119.0
68131,2025-07-07,0.58,0.58,1,0.0,12.3,11.0,1528.3700000000001,27.0,6247.380000000001,60.0
68132,2025-07-04,1.29,0.69,2,1.0,130.06,9.0,142.36,20.0,3697.820000000001,55.0
68516,2025-07-05,40.38,3.51,26,1.0,917.24,16.0,917.24,16.0,917.24,16.0
68516,2025-07-06,0.59,0.59,1,1.0,40.38,26.0,957.62,42.0,957.6200000000009,42.0
68517,2025-07-05,23.58,2.86,17,1.0,1222.33,60.0,1262.71,86.0,2179.9500000000007,102.0
68518,2025-07-05,5.87,1.82,6,1.0,1062.14,62.0,2284.4700000000003,122.0,3242.090000000001,164.0
68519,2025-07-05,2.84,2.84,1,1.0,963.89,44.0,2026.0300000000002,106.0,3288.740000000001,192.0
68905,2025-07-05,8.17,1.35,7,1.0,51.81,3.0,51.81,3.0,1015.7000000000007,47.0
68906,2025-07-05,53.8,2.95,35,1.0,923.4200000000001,28.0,975.23,31.0,975.2300000000008,31.0
68907,2025-07-05,66.74,4.14,33,1.0,1454.1399999999999,27.0,2377.56,55.0,2429.370000000001,58.0
68907,2025-07-06,0.53,0.53,1,1.0,66.74,33.0,1520.8799999999999,60.0,2496.1100000000006,91.0
68908,2025-07-05,128.09,23.85,27,1.0,596.37,12.0,663.11,45.0,3040.670000000001,100.0
72470,2025-07-26,1.11,1.11,1,0.0,0.64,1.0,0.64,1.0,0.64,1.0
76551,2025-07-31,8.36,8.36,1,0.0,9.97,1.0,9.97,1.0,9.97,1.0
76939,2025-07-23,2.91,2.91,1,1.0,0.89,1.0,0.89,1.0,10.86000000000091,2.0
76940,2025-07-22,0.89,0.89,1,0.0,3.82,1.0,4.71,2.0,14.68000000000091,3.0
77328,2025-07-12,12.24,12.24,1,0.0,11.08,1.0,14.9,2.0,15.79000000000091,3.0
77328,2025-07-20,4.0,4.0,1,0.0,12.24,1.0,23.32,2.0,28.03000000000091,4.0
77328,2025-07-22,1.55,1.55,1,0.0,4.0,1.0,27.32,3.0,32.03000000000091,5.0
77328,2025-07-29,5.59,5.59,1,0.0,1.55,1.0,17.790000000000003,3.0,32.69000000000091,5.0
77328,2025-07-31,8.09,8.09,1,0.0,5.59,1.0,11.14,3.0,38.28000000000091,6.0
82959,2025-07-07,0.64,0.64,1,1.0,1977.92,17.0,1977.92,17.0,1977.92,17.0
85281,2025-07-07,1.58,1.58,1,1.0,2.72,1.0,2.72,1.0,1980.640000000001,18.0
85670,2025-07-07,3.27,1.66,2,1.0,32.06,4.0,32.06,4.0,34.78000000000091,5.0
90699,2025-07-10,4.44,4.44,1,1.0,5.28,1.0,5.28,1.0,5.28,1.0
94086,2025-07-02,5.65,3.62,2,1.0,11.9,5.0,11.9,5.0,11.9,5.0
94086,2025-07-04,6.18,2.48,3,0.0,5.65,2.0,17.55,7.0,17.55000000000091,7.0
94086,2025-07-05,2.37,2.37,1,1.0,6.18,3.0,23.73,10.0,23.73000000000091,10.0
94086,2025-07-06,9.12,3.13,4,1.0,2.37,1.0,14.2,6.0,26.10000000000091,11.0
94086,2025-07-07,10.32,3.16,4,1.0,9.12,4.0,17.67,8.0,35.22000000000091,15.0
94086,2025-07-08,2.97,2.97,1,1.0,10.32,4.0,21.810000000000002,9.0,45.54000000000091,19.0
94086,2025-07-09,20.13,5.87,5,1.0,2.97,1.0,22.41,9.0,48.51000000000091,20.0
94086,2025-07-10,19.44,6.44,4,1.0,20.13,5.0,33.42,10.0,56.740000000000904,20.0
94086,2025-07-11,6.16,3.53,2,1.0,19.44,4.0,42.540000000000006,10.0,70.53000000000091,22.0
94086,2025-07-12,16.04,3.97,5,1.0,6.16,2.0,45.730000000000004,11.0,70.51000000000091,21.0
94086,2025-07-13,14.21,5.71,3,1.0,16.04,5.0,41.64,11.0,84.1800000000009,25.0
94086,2025-07-14,10.36,10.36,1,1.0,14.21,3.0,36.410000000000004,10.0,89.27000000000092,24.0
94086,2025-07-15,6.239999999999999,3.53,3,1.0,10.36,1.0,40.61,9.0,89.31000000000091,21.0
94086,2025-07-16,21.68,7.49,4,1.0,6.239999999999999,3.0,30.810000000000002,7.0,92.58000000000091,23.0
94086,2025-07-17,9.379999999999999,3.94,3,1.0,21.68,4.0,38.28,8.0,94.1300000000009,22.0
94086,2025-07-20,10.27,3.4,4,0.0,9.379999999999999,3.0,37.3,10.0,84.07000000000092,21.0
94086,2025-07-21,4.73,2.45,2,1.0,10.27,4.0,41.33,11.0,88.1800000000009,23.0
94086,2025-07-31,13.74,3.4,5,0.0,4.73,2.0,24.380000000000003,9.0,76.87000000000091,20.0
94087,2025-07-02,2.94,2.94,1,1.0,4.27,2.0,9.000000000000004,4.0,56.5700000000009,18.0
94087,2025-07-04,1.27,1.27,1,0.0,2.94,1.0,7.210000000000003,3.0,53.270000000000906,16.0
94087,2025-07-05,2.89,2.89,1,1.0,1.27,1.0,8.480000000000004,4.0,32.86000000000091,13.0
94087,2025-07-06,2.17,2.17,1,1.0,2.89,1.0,7.100000000000003,3.0,26.37000000000091,11.0
94087,2025-07-07,2.8,2.8,1,1.0,2.17,1.0,6.330000000000004,3.0,18.27000000000091,8.0
94087,2025-07-08,4.81,2.76,2,1.0,2.8,1.0,7.860000000000003,3.0,16.34000000000091,7.0
94087,2025-07-10,6.52,4.1,2,0.0,4.81,2.0,9.780000000000003,4.0,21.150000000000908,9.0
94087,2025-07-11,6.92,3.8,2,1.0,6.52,2.0,14.130000000000003,5.0,23.400000000000908,9.0
94087,2025-07-19,5.65,1.98,3,0.0,6.92,2.0,18.250000000000004,6.0,27.380000000000905,10.0
94087,2025-07-20,2.51,2.51,1,1.0,5.65,3.0,19.090000000000003,7.0,31.760000000000908,12.0
94475,2025-07-13,9.6,9.6,1,0.0,1.56,1.0,1.56,1.0,14.13000000000091,6.0
94866,2025-07-23,1.37,1.37,1,1.0,1.64,1.0,3.2000000000000037,2.0,3.2000000000009097,2.0
94866,2025-07-24,5.07,1.53,4,1.0,1.37,1.0,3.0100000000000033,2.0,4.57000000000091,3.0
94866,2025-07-25,4.17,1.55,3,1.0,5.07,4.0,8.080000000000004,6.0,9.64000000000091,7.0
94866,2025-07-26,2.84,1.47,2,1.0,4.17,3.0,10.610000000000003,8.0,13.81000000000091,10.0
94866,2025-07-27,3.22,1.87,2,1.0,2.84,2.0,12.080000000000002,9.0,16.650000000000908,12.0
94866,2025-07-30,6.4799999999999995,2.46,3,0.0,3.22,2.0,10.230000000000004,7.0,18.310000000000908,13.0
94866,2025-07-31,4.01,2.22,2,1.0,6.4799999999999995,3.0,12.540000000000003,7.0,24.79000000000091,16.0
97707,2025-07-23,0.28,0.28,1,1.0,22.0,4.0,22.0,4.0,22.0,4.0
97755,2025-07-02,0.57,0.57,1,1.0,128.72,4.0,128.72,4.0,150.7200000000009,8.0
100409,2025-07-08,0.51,0.51,1,0.0,0.69,1.0,0.69,1.0,0.69,1.0
100409,2025-07-16,0.67,0.67,1,0.0,0.51,1.0,1.2,2.0,1.2000000000009095,2.0
100409,2025-07-22,0.37,0.37,1,0.0,0.67,1.0,1.87,3.0,1.8700000000009096,3.0
100410,2025-07-23,0.19,0.19,1,0.0,0.38,1.0,1.05,2.0,2.2500000000009095,4.0
100410,2025-07-24,0.54,0.54,1,1.0,0.19,1.0,0.5700000000000001,2.0,2.4400000000009094,5.0
100410,2025-07-29,0.25,0.25,1,0.0,0.54,1.0,1.11,3.0,2.9800000000009095,6.0
100410,2025-07-30,0.65,0.65,1,1.0,0.25,1.0,0.9800000000000001,3.0,2.5400000000009095,6.0
101162,2025-07-14,0.48,0.48,1,0.0,4.79,4.0,4.79,4.0,6.15000000000091,8.0
103130,2025-07-29,5.64,5.64,1,0.0,3.05,1.0,3.05,1.0,3.05,1.0
105858,2025-07-28,1.28,1.28,1,0.0,4.67,1.0,4.67,1.0,4.67,1.0
107073,2025-07-14,29.59,7.06,9,1.0,618.36,8.0,618.36,8.0,623.0300000000009,9.0
